saif,subkind,class_top,class_full,group_top,group_full,sum
נשיא המדינה ולשכתו,תקציב רגיל,חשבונות מעבר,חשבונות מעבר,משרדי מטה,משרדים נוספים,0.0
משרד החינוך,תקציב רגיל,הכנסות מיועדות,הכנסות תקציב רגיל,שירותים חברתיים,חינוך,2034399.0
משרד הרווחה והשירותים,תקציב רגיל,חשבונות מעבר,חשבונות מעבר,שירותים חברתיים,רווחה,0.0
משרד הכלכלה,תקציב רגיל,העברות,תשלומי העברה סוציאליים,ענפי משק,תעשיה ותעסוקה,0.0
תמיכות בענפי המשק,תקציב רגיל,קניות,קניות בארץ,ענפי משק,תעשיה ותעסוקה,1291332.0
משרד לביטחון פנים,תקציב רגיל,העברות  פנים תקציביות,הפחתות,בטחון וסדר ציבורי,בטחון פנים,4179126.0
"משרד המדע והחלל, התרבות",תקציב רגיל,העברות,רזרבה,שירותים חברתיים,"מדע, תרבות וספורט",793182.0
משרד הרווחה והשירותים,תקציב רגיל,שכר,שכר בארץ,שירותים חברתיים,רווחה,675251.0
שיכון,תקציב פיתוח,השקעה,רזרבה,תשתיות,בינוי ושיכון,616072.0
משרד האנרגיה והמים,תקציב רגיל,קניות,רזרבה,תשתיות,אנרגיה,11931.0
משרד המשפטים,תקציב רגיל,שכר,רזרבה,משרדי מטה,משפטים,95330.0
משרד ראש הממשלה,תקציב רגיל,העברות  פנים תקציביות,השתתפויות,משרדי מטה,ראש הממשלה,272266.0
משרד הבטחון,תקציב רגיל,שכר,רזרבה,בטחון וסדר ציבורי,בטחון,54917220.0
משרד הבריאות,תקציב רגיל,העברות,תמיכות לפי סעיף 3א,שירותים חברתיים,בריאות,8114.0
משרד ראש הממשלה,תקציב רגיל,העברות  פנים תקציביות,הפחתות,משרדי מטה,ראש הממשלה,4559.0
דיור ממשלתי,תקציב פיתוח,העברות  פנים תקציביות,השתתפויות,משרדי מטה,אוצר,46556.0
דיור ממשלתי,תקציב פיתוח,השקעה,השקעה בארץ,משרדי מטה,אוצר,52900.0
תשלום חובות,החזר חובות,החזר חוב - קרן,החזר קרן בארץ,החזרי חוב,קרן,68856000.0
פיתוח לאומי,מפעלים עסקיים,העברות,מוצרים ציבוריים,משרדי מטה,ראש הממשלה,1000000.0
המשרד לשירותי דת,תקציב רגיל,העברות,תמיכות לפי סעיף 3א,משרדי מטה,שירותי דת,11085.0
רזרבה כללית,רזרבות,רזרבות,רזרבה כללית,הוצאות אחרות,רזרבה,9338972.0
משרד לביטחון פנים,תקציב רגיל,העברות  פנים תקציביות,השתתפויות,בטחון וסדר ציבורי,בטחון פנים,6396857.0
בתי חולים ממשלתים,מפעלים עסקיים,הכנסות מיועדות,הכנסות תקציב רגיל,שירותים חברתיים,בריאות,9975357.0
משרד החקלאות,תקציב רגיל,קניות,קניות בארץ,ענפי משק,חקלאות,144132.0
משרד הבינוי והשיכון,תקציב רגיל,קניות,קניות בארץ,תשתיות,בינוי ושיכון,122560.0
משרד הפנים,תקציב רגיל,חשבונות מעבר,חשבונות מעבר,משרדי מטה,פנים ושלטון מקומי,0.0
משרד הבריאות,תקציב רגיל,העברות,מוצרים ציבוריים,שירותים חברתיים,בריאות,23435452.0
תמיכות בענפי המשק,תקציב רגיל,קניות,"קניות בחו""ל",ענפי משק,תעשיה ותעסוקה,126280.0
תמיכות שונות,תקציב רגיל,העברות,סובסידיה,תשתיות,תחבורה,0.0
תשלום חובות,החזר חובות,החזר חוב - קרן,"החזר קרן בחו""ל",החזרי חוב,קרן,8265000.0
מבקר המדינה,תקציב רגיל,קניות,רזרבה,משרדי מטה,משרדים נוספים,7377.0
משרד הפנים,תקציב רגיל,שכר,שכר בארץ,משרדי מטה,פנים ושלטון מקומי,0.0
המשרד לשירותי דת,תקציב רגיל,העברות,מוצרים ציבוריים,משרדי מטה,שירותי דת,347390.0
חוק חיילים משוחררים,תקציב רגיל,קניות,רזרבה,בטחון וסדר ציבורי,בטחון-אחר,71446.0
משרד הרווחה והשירותים,תקציב רגיל,העברות,תשלומי העברה סוציאליים,שירותים חברתיים,רווחה,229397.0
משרד הכלכלה,תקציב רגיל,חשבונות מעבר,חשבונות מעבר,ענפי משק,תעשיה ותעסוקה,0.0
משרד האוצר,תקציב רגיל,העברות  פנים תקציביות,השתתפויות,משרדי מטה,אוצר,343883.0
מענקי בינוי ושיכון,תקציב רגיל,מתן אשראי,אשראי בשקלים,תשתיות,בינוי ושיכון,157926.0
משרד הבריאות,תקציב רגיל,שכר,רזרבה,שירותים חברתיים,בריאות,36705.0
משרד הכלכלה,תקציב רגיל,שכר,שכר בארץ,ענפי משק,תעשיה ותעסוקה,125658.0
"בתי""ח פסיכיאטרים",מפעלים עסקיים,שכר,שכר בארץ,שירותים חברתיים,בריאות,0.0
משרד התקשורת,תקציב רגיל,העברות  פנים תקציביות,השתתפויות,ענפי משק,תקשורת,16630.0
נמל חדרה,מפעלים עסקיים,הכנסות מיועדות,הכנסות תקציב רגיל,תשתיות,תחבורה,41994.0
משרד התיירות,תקציב רגיל,שכר,"שכר בחו""ל",ענפי משק,תיירות,116496.0
שיכון,תקציב פיתוח,מתן אשראי,רזרבה למתן אשראי,תשתיות,בינוי ושיכון,42592.0
משרד החינוך,תקציב רגיל,העברות,רזרבה,שירותים חברתיים,חינוך,103546.0
פיתוח המשרד לביטחון-,תקציב פיתוח,השקעה,רזרבה,בטחון וסדר ציבורי,בטחון פנים,10492.0
בחירות ומימון מפלגות,תקציב רגיל,שכר,שכר בארץ,משרדי מטה,משרדים נוספים,14499.0
משרד ראש הממשלה,תקציב רגיל,העברות,תשלומי העברה סוציאליים,משרדי מטה,ראש הממשלה,3395.0
משרד האוצר,תקציב רגיל,שכר,שכר בארץ,משרדי מטה,אוצר,1781939.0
משרד התקשורת,תקציב רגיל,חשבונות מעבר,חשבונות מעבר,ענפי משק,תקשורת,0.0
רשות ממשלתית למים,תקציב רגיל,שכר,"שכר בחו""ל",תשתיות,משק המים,57575.0
פיתוח התחבורה,תקציב פיתוח,השקעה,רזרבה,תשתיות,תחבורה,2558378.0
תשלום ריבית ועמלות,החזר חובות,החזר חוב - ריבית,"החזר ריבית בחו""ל",החזרי חוב,ריבית,6205180.0
בחירות ומימון מפלגות,תקציב רגיל,חשבונות מעבר,חשבונות מעבר,משרדי מטה,משרדים נוספים,0.0
משרד האוצר,תקציב רגיל,חשבונות מעבר,חשבונות מעבר,משרדי מטה,אוצר,0.0
משרד החינוך,תקציב רגיל,קניות,קניות בארץ,שירותים חברתיים,חינוך,8815989.0
משרד התקשורת,תקציב רגיל,שכר,שכר בארץ,ענפי משק,תקשורת,40135.0
הוצאות חירום אזרחיות,תקציב רגיל,שכר,רזרבה,בטחון וסדר ציבורי,בטחון-אחר,14492.0
המרכז למיפוי ישראל,תקציב רגיל,קניות,קניות בארץ,תשתיות,בינוי ושיכון,20884.0
בתי חולים ממשלתים,מפעלים עסקיים,קניות,קניות בארץ,שירותים חברתיים,בריאות,308537.0
משרד החקלאות,תקציב רגיל,הכנסות מיועדות,הכנסות תקציב רגיל,ענפי משק,חקלאות,175091.0
פיתוח תיירות,תקציב פיתוח,השקעה,רזרבה,ענפי משק,תיירות,27700.0
"בתי""ח פסיכיאטרים",מפעלים עסקיים,העברות  פנים תקציביות,הפחתות,שירותים חברתיים,בריאות,0.0
מפעלי מים,תקציב פיתוח,השקעה,השקעה בארץ,תשתיות,משק המים,539515.0
תמיכות שונות,תקציב רגיל,העברות,רזרבה,הוצאות אחרות,הוצאות שונות,0.0
מפעלי משרד ראש הממשלה,מפעלים עסקיים,שכר,שכר בארץ,משרדי מטה,אוצר,80263.0
משרד הפנים,תקציב רגיל,העברות  פנים תקציביות,השתתפויות,משרדי מטה,פנים ושלטון מקומי,120413.0
משרד לביטחון פנים,תקציב רגיל,שכר,רזרבה,בטחון וסדר ציבורי,בטחון פנים,3130168.0
"רשות האוכלוסין, ההגירה",תקציב רגיל,שכר,רזרבה,משרדי מטה,פנים ושלטון מקומי,16332.0
הוצאות פיתוח אחרות,תקציב פיתוח,השקעה,רזרבה,הוצאות אחרות,הוצאות שונות,1668580.0
תמיכות שונות,תקציב רגיל,העברות,סובסידיה,ענפי משק,חקלאות,0.0
משרד האנרגיה והמים,תקציב רגיל,שכר,שכר בארץ,תשתיות,אנרגיה,54654.0
משרד הבריאות,תקציב רגיל,העברות  פנים תקציביות,הפחתות,שירותים חברתיים,בריאות,114681.0
חוק חיילים משוחררים,תקציב רגיל,העברות,תשלומי העברה סוציאליים,בטחון וסדר ציבורי,בטחון-אחר,1488704.0
משרד לביטחון פנים,תקציב רגיל,חשבונות מעבר,חשבונות מעבר,בטחון וסדר ציבורי,בטחון פנים,0.0
משרד הבריאות,תקציב רגיל,קניות,רזרבה,שירותים חברתיים,בריאות,114152.0
"רשות האוכלוסין, ההגירה",תקציב רגיל,חשבונות מעבר,חשבונות מעבר,משרדי מטה,פנים ושלטון מקומי,0.0
נשיא המדינה ולשכתו,תקציב רגיל,קניות,רזרבה,משרדי מטה,משרדים נוספים,1636.0
תאום הפעולות בשטחים,תקציב רגיל,שכר,רזרבה,בטחון וסדר ציבורי,בטחון-אחר,8560.0
משרד הרווחה והשירותים,תקציב רגיל,קניות,רזרבה,שירותים חברתיים,רווחה,192000.0
משרד הרווחה והשירותים,תקציב רגיל,העברות  פנים תקציביות,הפחתות,שירותים חברתיים,רווחה,51506.0
משרד החינוך,תקציב רגיל,קניות,"קניות בחו""ל",שירותים חברתיים,חינוך,0.0
משרד האנרגיה והמים,תקציב רגיל,חשבונות מעבר,חשבונות מעבר,תשתיות,אנרגיה,0.0
רשויות מקומיות,תקציב רגיל,העברות,מוצרים ציבוריים,משרדי מטה,פנים ושלטון מקומי,14786.0
משרד לביטחון פנים,תקציב רגיל,שכר,שכר בארץ,בטחון וסדר ציבורי,בטחון פנים,524094.0
בחירות ומימון מפלגות,תקציב רגיל,העברות,מוצרים ציבוריים,משרדי מטה,משרדים נוספים,0.0
משרד החקלאות,תקציב רגיל,העברות,רזרבה,ענפי משק,חקלאות,99918.0
פיתוח לאומי,מפעלים עסקיים,הכנסות מיועדות,הכנסות תקציב פיתוח,משרדי מטה,ראש הממשלה,1000000.0
משרד הבינוי והשיכון,תקציב רגיל,הכנסות מיועדות,הכנסות תקציב רגיל,תשתיות,בינוי ושיכון,4139.0
גמלאות ופיצויים,תקציב רגיל,קניות,רזרבה,הוצאות אחרות,גמלאות,984.0
המשרד לשירותי דת,תקציב רגיל,העברות  פנים תקציביות,השתתפויות,משרדי מטה,שירותי דת,175952.0
הוצאות מינהל מקרקעי,מפעלים עסקיים,קניות,קניות בארץ,תשתיות,רשות מקרקעי ישראל,180000.0
משרד החוץ,תקציב רגיל,שכר,שכר בארץ,משרדי מטה,חוץ,328700.0
תמיכות בענפי המשק,תקציב רגיל,העברות,רזרבה,ענפי משק,תעשיה ותעסוקה,33983.0
"משרד המדע והחלל, התרבות",תקציב רגיל,קניות,קניות בארץ,שירותים חברתיים,"מדע, תרבות וספורט",125561.0
משרד ראש הממשלה,תקציב רגיל,חשבונות מעבר,חשבונות מעבר,משרדי מטה,ראש הממשלה,0.0
מענקי בינוי ושיכון,תקציב רגיל,העברות,רזרבה,תשתיות,בינוי ושיכון,56638.0
ביטוח לאומי,תקציב רגיל,העברות,רזרבה,שירותים חברתיים,העברות לביטוח הלאומי,1111943.0
נשיא המדינה ולשכתו,תקציב רגיל,העברות  פנים תקציביות,השתתפויות,משרדי מטה,משרדים נוספים,3862.0
משרד הרווחה והשירותים,תקציב רגיל,העברות  פנים תקציביות,השתתפויות,שירותים חברתיים,רווחה,487342.0
הוצאות מינהל מקרקעי,מפעלים עסקיים,השקעה,רזרבה,תשתיות,רשות מקרקעי ישראל,0.0
משרד החוץ,תקציב רגיל,חשבונות מעבר,חשבונות מעבר,משרדי מטה,חוץ,0.0
משרד הבריאות,תקציב רגיל,העברות  פנים תקציביות,השתתפויות,שירותים חברתיים,בריאות,2873391.0
המשרד לקליטת העליה,תקציב רגיל,קניות,קניות בארץ,שירותים חברתיים,קליטת עליה,590806.0
רשויות פיקוח,תקציב רגיל,הכנסות מיועדות,הכנסות תקציב רגיל,הוצאות אחרות,הוצאות שונות,162057.0
תשלום ריבית ועמלות,החזר חובות,החזר חוב - ריבית,החזר ריבית בארץ,החזרי חוב,ריבית,33203820.0
הוצאות חירום אזרחיות,תקציב רגיל,שכר,שכר בארץ,בטחון וסדר ציבורי,בטחון-אחר,0.0
תמיכות שונות,תקציב רגיל,העברות,רזרבה,תשתיות,תחבורה,0.0
משרד ראש הממשלה,תקציב רגיל,שכר,שכר בארץ,משרדי מטה,ראש הממשלה,689655.0
מבקר המדינה,תקציב רגיל,העברות,תשלומי העברה סוציאליים,משרדי מטה,משרדים נוספים,200.0
ביטוח לאומי,תקציב רגיל,העברות  פנים תקציביות,השתתפויות,שירותים חברתיים,העברות לביטוח הלאומי,387725.0
המשרד לקליטת העליה,תקציב רגיל,שכר,שכר בארץ,שירותים חברתיים,קליטת עליה,111826.0
הוצאות שונות,תקציב רגיל,העברות,מוצרים ציבוריים,הוצאות אחרות,הוצאות שונות,15743.0
תמיכות שונות,תקציב רגיל,קניות,רזרבה,תשתיות,אנרגיה,0.0
הוצאות מינהל מקרקעי,מפעלים עסקיים,חשבונות מעבר,חשבונות מעבר,תשתיות,רשות מקרקעי ישראל,0.0
משרד הבריאות,תקציב רגיל,העברות,רזרבה,שירותים חברתיים,בריאות,11241.0
נמל חדרה,מפעלים עסקיים,חשבונות מעבר,חשבונות מעבר,תשתיות,תחבורה,0.0
הוצאות שונות,תקציב רגיל,העברות,שכר עקיף,הוצאות אחרות,הוצאות שונות,0.0
הוצאות חירום אזרחיות,תקציב רגיל,קניות,קניות בארץ,בטחון וסדר ציבורי,בטחון-אחר,111579.0
משרד החינוך,תקציב רגיל,שכר,רזרבה,שירותים חברתיים,חינוך,2608310.0
משרד ראש הממשלה,תקציב רגיל,קניות,קניות בארץ,משרדי מטה,ראש הממשלה,222746.0
"משרד המדע והחלל, התרבות",תקציב רגיל,חשבונות מעבר,חשבונות מעבר,שירותים חברתיים,"מדע, תרבות וספורט",0.0
משרד התחבורה והבטיחות,תקציב רגיל,קניות,רזרבה,תשתיות,תחבורה,21482.0
המרכז למיפוי ישראל,תקציב רגיל,שכר,רזרבה,תשתיות,בינוי ושיכון,1642.0
מטה לביטחון לאומי,תקציב רגיל,קניות,קניות בארץ,משרדי מטה,ראש הממשלה,48889.0
משרד המשפטים,תקציב רגיל,הכנסות מיועדות,הכנסות תקציב רגיל,משרדי מטה,משפטים,52919.0
המשרד לשירותי דת,תקציב רגיל,העברות,רזרבה,משרדי מטה,שירותי דת,18063.0
שיכון,תקציב פיתוח,העברות  פנים תקציביות,השתתפויות,תשתיות,בינוי ושיכון,155200.0
הוצאות מינהל מקרקעי,מפעלים עסקיים,שכר,שכר בארץ,תשתיות,רשות מקרקעי ישראל,238296.0
המשרד לקליטת העליה,תקציב רגיל,חשבונות מעבר,חשבונות מעבר,שירותים חברתיים,קליטת עליה,0.0
משרד החקלאות,תקציב רגיל,העברות  פנים תקציביות,הפחתות,ענפי משק,חקלאות,567888.0
תמיכות בענפי המשק,תקציב רגיל,העברות  פנים תקציביות,השתתפויות,ענפי משק,תעשיה ותעסוקה,289445.0
משרד הכלכלה,תקציב רגיל,הכנסות מיועדות,הכנסות תקציב רגיל,ענפי משק,תעשיה ותעסוקה,130487.0
משרד התיירות,תקציב רגיל,קניות,רזרבה,ענפי משק,תיירות,5343.0
"בתי""ח פסיכיאטרים",מפעלים עסקיים,הכנסות מיועדות,הכנסות תקציב רגיל,שירותים חברתיים,בריאות,0.0
משרד החינוך,תקציב רגיל,העברות,תשלומי העברה סוציאליים,שירותים חברתיים,חינוך,0.0
שיכון,תקציב פיתוח,השקעה,השקעה בארץ,תשתיות,בינוי ושיכון,247487.0
"משרד המדע והחלל, התרבות",תקציב רגיל,שכר,שכר בארץ,שירותים חברתיים,"מדע, תרבות וספורט",44455.0
מענקי בינוי ושיכון,תקציב רגיל,העברות  פנים תקציביות,השתתפויות,תשתיות,בינוי ושיכון,798694.0
מענקי בינוי ושיכון,תקציב רגיל,קניות,רזרבה,תשתיות,בינוי ושיכון,6176.0
דיור ממשלתי,תקציב פיתוח,השקעה,רזרבה,משרדי מטה,אוצר,72527.0
מענקי בינוי ושיכון,תקציב רגיל,העברות  פנים תקציביות,הפחתות,תשתיות,בינוי ושיכון,170114.0
המשרד להגנת הסביבה,תקציב רגיל,העברות,מוצרים ציבוריים,ענפי משק,הגנת הסביבה,146156.0
משרד התיירות,תקציב רגיל,העברות  פנים תקציביות,השתתפויות,ענפי משק,תיירות,23419.0
תמיכות בענפי המשק,תקציב רגיל,קניות,רזרבה,ענפי משק,תעשיה ותעסוקה,51588.0
הוצאות שונות,תקציב רגיל,העברות,תשלומי העברה סוציאליים,הוצאות אחרות,הוצאות שונות,2731894.0
משרד הבטחון,תקציב רגיל,הכנסות מיועדות,הכנסות תקציב רגיל,בטחון וסדר ציבורי,בטחון,908300.0
"משרד המדע והחלל, התרבות",תקציב רגיל,העברות,תמיכות לפי סעיף 3א,שירותים חברתיים,"מדע, תרבות וספורט",107488.0
משרד החקלאות,תקציב רגיל,העברות  פנים תקציביות,השתתפויות,ענפי משק,חקלאות,83914.0
משרד לביטחון פנים,תקציב רגיל,קניות,קניות בארץ,בטחון וסדר ציבורי,בטחון פנים,807626.0
"רשות האוכלוסין, ההגירה",תקציב רגיל,קניות,קניות בארץ,משרדי מטה,פנים ושלטון מקומי,46812.0
שיכון,תקציב פיתוח,העברות  פנים תקציביות,הפחתות,תשתיות,בינוי ושיכון,8000.0
הוצאות מינהל מקרקעי,מפעלים עסקיים,העברות,לאוצר המדינה,תשתיות,רשות מקרקעי ישראל,1000000.0
תמיכות שונות,תקציב רגיל,העברות,סובסידיה,תשתיות,משק המים,0.0
משרד החינוך,תקציב רגיל,העברות,מוצרים ציבוריים,שירותים חברתיים,חינוך,2505561.0
משרד האנרגיה והמים,תקציב רגיל,קניות,קניות בארץ,תשתיות,אנרגיה,94243.0
משרד התחבורה והבטיחות,תקציב רגיל,העברות  פנים תקציביות,השתתפויות,תשתיות,תחבורה,332134.0
משרד האוצר,תקציב רגיל,שכר,"שכר בחו""ל",משרדי מטה,אוצר,10483.0
משרד החינוך,תקציב רגיל,העברות,שכר עקיף,שירותים חברתיים,חינוך,7414750.0
מפעלי משרד ראש הממשלה,מפעלים עסקיים,קניות,רזרבה,משרדי מטה,ראש הממשלה,9566.0
"משרד המדע והחלל, התרבות",תקציב רגיל,העברות,מוצרים ציבוריים,שירותים חברתיים,"מדע, תרבות וספורט",108763.0
משפטים ובתי משפט,תקציב פיתוח,השקעה,רזרבה,משרדי מטה,משפטים,66.0
משרד ראש הממשלה,תקציב רגיל,העברות,סובסידיה,משרדי מטה,ראש הממשלה,22023.0
רשויות פיקוח,תקציב רגיל,קניות,רזרבה,הוצאות אחרות,הוצאות שונות,48054.0
שיכון,תקציב פיתוח,הכנסות מיועדות,הכנסות תקציב פיתוח,תשתיות,בינוי ושיכון,350389.0
המשרד להגנת הסביבה,תקציב רגיל,העברות,תמיכות לפי סעיף 3א,ענפי משק,הגנת הסביבה,0.0
הוצאות מינהל מקרקעי,מפעלים עסקיים,העברות,מוצרים ציבוריים,תשתיות,רשות מקרקעי ישראל,400000.0
משרד הבינוי והשיכון,תקציב רגיל,העברות  פנים תקציביות,השתתפויות,תשתיות,בינוי ושיכון,0.0
משרד הבריאות,תקציב פיתוח,השקעה,השקעה בארץ,שירותים חברתיים,בריאות,222599.0
גמלאות ופיצויים,תקציב רגיל,הכנסות מיועדות,הכנסות תקציב רגיל,הוצאות אחרות,גמלאות,10773801.0
המשרד לקליטת העליה,תקציב רגיל,העברות,שכר עקיף,שירותים חברתיים,קליטת עליה,190685.0
בתי חולים ממשלתים,מפעלים עסקיים,שכר,שכר בארץ,שירותים חברתיים,בריאות,6994691.0
משרד החינוך,תקציב רגיל,העברות,תמיכות לפי סעיף 3א,שירותים חברתיים,חינוך,8659471.0
משרד החוץ,תקציב רגיל,קניות,"קניות בחו""ל",משרדי מטה,חוץ,240776.0
תאום הפעולות בשטחים,תקציב רגיל,קניות,קניות בארץ,בטחון וסדר ציבורי,בטחון-אחר,4425.0
המרכז למיפוי ישראל,תקציב רגיל,העברות,תמיכות לפי סעיף 3א,תשתיות,בינוי ושיכון,15360.0
הכנסת,תקציב רגיל,חשבונות מעבר,חשבונות מעבר,משרדי מטה,משרדים נוספים,0.0
משרד הכלכלה,תקציב רגיל,העברות,רזרבה,ענפי משק,תעשיה ותעסוקה,107862.0
המשרד להגנת הסביבה,תקציב רגיל,חשבונות מעבר,חשבונות מעבר,ענפי משק,הגנת הסביבה,0.0
השכלה גבוהה,תקציב רגיל,העברות,מוצרים ציבוריים,שירותים חברתיים,השכלה גבוהה,9661898.0
המרכז למיפוי ישראל,תקציב רגיל,שכר,שכר בארץ,תשתיות,בינוי ושיכון,53101.0
משרד החינוך,תקציב רגיל,שכר,שכר בארץ,שירותים חברתיים,חינוך,13515590.0
המשרד לשירותי דת,תקציב רגיל,הכנסות מיועדות,הכנסות תקציב רגיל,משרדי מטה,שירותי דת,12825.0
משרד התקשורת,תקציב רגיל,קניות,קניות בארץ,ענפי משק,תקשורת,9105.0
הוצאות מינהל מקרקעי,מפעלים עסקיים,הוצאות הון,רזרבה להוצאות הון,תשתיות,רשות מקרקעי ישראל,11900.0
משרד הבינוי והשיכון,תקציב רגיל,קניות,רזרבה,תשתיות,בינוי ושיכון,3672.0
תשלום חובות,החזר חובות,החזר חוב - קרן,החזר קרן ביטוח לאומי,החזרי חוב,קרן - ביטוח לאומי,11693000.0
פיתוח המשרד לביטחון-,תקציב פיתוח,השקעה,השקעה בארץ,בטחון וסדר ציבורי,בטחון פנים,355241.0
חינוך,תקציב פיתוח,השקעה,השקעה בארץ,שירותים חברתיים,חינוך,344191.0
הכנסת,תקציב רגיל,שכר,שכר בארץ,משרדי מטה,משרדים נוספים,314740.0
המשרד לקליטת העליה,תקציב רגיל,העברות,תשלומי העברה סוציאליים,שירותים חברתיים,קליטת עליה,601453.0
הוצאות מינהל מקרקעי,מפעלים עסקיים,שכר,רזרבה,תשתיות,רשות מקרקעי ישראל,6510.0
משרד הבריאות,תקציב רגיל,הכנסות מיועדות,הכנסות תקציב רגיל,שירותים חברתיים,בריאות,1416025.0
המרכז למיפוי ישראל,תקציב רגיל,חשבונות מעבר,חשבונות מעבר,תשתיות,בינוי ושיכון,0.0
רשויות פיקוח,תקציב רגיל,העברות  פנים תקציביות,השתתפויות,הוצאות אחרות,הוצאות שונות,27871.0
המשרד להגנת הסביבה,תקציב רגיל,שכר,שכר בארץ,ענפי משק,הגנת הסביבה,137998.0
מבקר המדינה,תקציב רגיל,קניות,קניות בארץ,משרדי מטה,משרדים נוספים,55155.0
רשויות מקומיות,תקציב רגיל,קניות,קניות בארץ,משרדי מטה,פנים ושלטון מקומי,4258145.0
משרד האוצר,תקציב רגיל,קניות,קניות בארץ,משרדי מטה,אוצר,206928.0
נשיא המדינה ולשכתו,תקציב רגיל,הכנסות מיועדות,הכנסות תקציב רגיל,משרדי מטה,משרדים נוספים,52226.0
משרד החינוך,תקציב רגיל,חשבונות מעבר,חשבונות מעבר,שירותים חברתיים,חינוך,0.0
משרד הרווחה והשירותים,תקציב רגיל,הכנסות מיועדות,הכנסות תקציב רגיל,שירותים חברתיים,רווחה,2874215.0
משרד האנרגיה והמים,תקציב רגיל,העברות,סובסידיה,תשתיות,אנרגיה,227016.0
משרד האנרגיה והמים,תקציב רגיל,קניות,"קניות בחו""ל",תשתיות,אנרגיה,0.0
פיתוח המשרד לביטחון-,תקציב פיתוח,העברות  פנים תקציביות,השתתפויות,בטחון וסדר ציבורי,בטחון פנים,110822.0
משרד הכלכלה,תקציב רגיל,קניות,קניות בארץ,ענפי משק,תעשיה ותעסוקה,2379738.0
"בתי""ח פסיכיאטרים",מפעלים עסקיים,קניות,קניות בארץ,שירותים חברתיים,בריאות,0.0
הוצאות שונות,תקציב רגיל,קניות,רזרבה,הוצאות אחרות,הוצאות שונות,105273.0
משרד המשפטים,תקציב רגיל,קניות,קניות בארץ,משרדי מטה,משפטים,2057020.0
מענקי בינוי ושיכון,תקציב רגיל,העברות,תשלומי העברה סוציאליים,תשתיות,בינוי ושיכון,884510.0
בתי חולים ממשלתים,מפעלים עסקיים,העברות  פנים תקציביות,הפחתות,שירותים חברתיים,בריאות,2672129.0
משרד החוץ,תקציב רגיל,הכנסות מיועדות,הכנסות תקציב רגיל,משרדי מטה,חוץ,1035906.0
רשויות פיקוח,תקציב רגיל,חשבונות מעבר,חשבונות מעבר,הוצאות אחרות,הוצאות שונות,0.0
בתי חולים ממשלתים,מפעלים עסקיים,קניות,רזרבה,שירותים חברתיים,בריאות,0.0
משרד החינוך,תקציב רגיל,העברות  פנים תקציביות,השתתפויות,שירותים חברתיים,חינוך,3890883.0
תגמולים לנכים,תקציב רגיל,העברות,תמיכות לפי סעיף 3א,שירותים חברתיים,רווחה,570610.0
הוצאות פיתוח אחרות,תקציב פיתוח,הכנסות מיועדות,הכנסות תקציב פיתוח,הוצאות אחרות,הוצאות שונות,0.0
משרד ראש הממשלה,תקציב רגיל,הכנסות מיועדות,הכנסות תקציב רגיל,משרדי מטה,ראש הממשלה,152946.0
פיתוח התחבורה,תקציב פיתוח,העברות  פנים תקציביות,השתתפויות,תשתיות,תחבורה,5938490.0
הכנסת,תקציב רגיל,העברות  פנים תקציביות,השתתפויות,משרדי מטה,משרדים נוספים,105923.0
ביטוח לאומי,תקציב רגיל,העברות,תשלומי העברה סוציאליים,שירותים חברתיים,העברות לביטוח הלאומי,35560106.0
רשויות פיקוח,תקציב רגיל,שכר,שכר בארץ,הוצאות אחרות,הוצאות שונות,99602.0
פיתוח התחבורה,תקציב פיתוח,השקעה,השקעה בארץ,תשתיות,תחבורה,1729603.0
המשרד להגנת הסביבה,תקציב רגיל,העברות  פנים תקציביות,השתתפויות,ענפי משק,הגנת הסביבה,63850.0
תמיכות שונות,תקציב רגיל,העברות  פנים תקציביות,השתתפויות,ענפי משק,חקלאות,0.0
משרד הבינוי והשיכון,תקציב רגיל,חשבונות מעבר,חשבונות מעבר,תשתיות,בינוי ושיכון,0.0
המשרד להגנת הסביבה,תקציב רגיל,קניות,רזרבה,ענפי משק,הגנת הסביבה,10240.0
מפעלי מים,תקציב פיתוח,השקעה,רזרבה,תשתיות,משק המים,23865.0
הוצאות מינהל מקרקעי,מפעלים עסקיים,הכנסות מיועדות,הכנסות תקציב פיתוח,תשתיות,רשות מקרקעי ישראל,8404900.0
הכנסת,תקציב רגיל,קניות,רזרבה,משרדי מטה,משרדים נוספים,20000.0
תגמולים לנכים,תקציב רגיל,חשבונות מעבר,חשבונות מעבר,שירותים חברתיים,רווחה,0.0
משרד הרווחה והשירותים,תקציב רגיל,קניות,"קניות בחו""ל",שירותים חברתיים,רווחה,14196.0
משרד הפנים,תקציב רגיל,קניות,קניות בארץ,משרדי מטה,פנים ושלטון מקומי,17514.0
משרד החקלאות,תקציב רגיל,שכר,רזרבה,ענפי משק,חקלאות,13139.0
פיתוח תיירות,תקציב פיתוח,השקעה,השקעה בארץ,ענפי משק,תיירות,561642.0
משרד החינוך,תקציב רגיל,העברות  פנים תקציביות,הפחתות,שירותים חברתיים,חינוך,672150.0
משרד הבטחון,תקציב רגיל,קניות,קניות בארץ,בטחון וסדר ציבורי,בטחון,118343.0
משרד החינוך,תקציב רגיל,קניות,רזרבה,שירותים חברתיים,חינוך,373417.0
הועדה לאנרגיה אטומית,תקציב רגיל,קניות,קניות בארץ,בטחון וסדר ציבורי,בטחון-אחר,147927.0
המרכז למיפוי ישראל,תקציב רגיל,קניות,רזרבה,תשתיות,בינוי ושיכון,1125.0
"רשות האוכלוסין, ההגירה",תקציב רגיל,הכנסות מיועדות,הכנסות תקציב רגיל,משרדי מטה,פנים ושלטון מקומי,228613.0
תגמולים לנכים,תקציב רגיל,שכר,שכר בארץ,שירותים חברתיים,רווחה,22267.0
"משרד המדע והחלל, התרבות",תקציב רגיל,קניות,רזרבה,שירותים חברתיים,"מדע, תרבות וספורט",4982.0
משרד התחבורה והבטיחות,תקציב רגיל,חשבונות מעבר,חשבונות מעבר,תשתיות,תחבורה,0.0
פיתוח התחבורה,תקציב פיתוח,הכנסות מיועדות,הכנסות תקציב פיתוח,תשתיות,תחבורה,4788003.0
תאום הפעולות בשטחים,תקציב רגיל,הכנסות מיועדות,הכנסות תקציב רגיל,בטחון וסדר ציבורי,בטחון-אחר,274.0
הוצאות פיתוח אחרות,תקציב פיתוח,העברות  פנים תקציביות,השתתפויות,הוצאות אחרות,הוצאות שונות,86674.0
משרד הכלכלה,תקציב רגיל,שכר,"שכר בחו""ל",ענפי משק,תעשיה ותעסוקה,319517.0
מפעלי מים,תקציב פיתוח,מתן אשראי,אשראי בשקלים,תשתיות,משק המים,567464.0
גמלאות ופיצויים,תקציב רגיל,קניות,קניות בארץ,הוצאות אחרות,גמלאות,31826.0
משרד החקלאות,תקציב רגיל,שכר,שכר בארץ,ענפי משק,חקלאות,18134.0
נמל חדרה,מפעלים עסקיים,קניות,רזרבה,תשתיות,תחבורה,41994.0
תגמולים לנכים,תקציב רגיל,העברות,תשלומי העברה סוציאליים,שירותים חברתיים,רווחה,3047495.0
משרד הכלכלה,תקציב רגיל,העברות,סובסידיה,ענפי משק,תעשיה ותעסוקה,168426.0
הוצאות פיתוח אחרות,תקציב פיתוח,השקעה,השקעה בארץ,הוצאות אחרות,הוצאות שונות,717074.0
הוצאות מינהל מקרקעי,מפעלים עסקיים,קניות,רזרבה,תשתיות,רשות מקרקעי ישראל,257733.0
השכלה גבוהה,תקציב רגיל,העברות  פנים תקציביות,השתתפויות,שירותים חברתיים,השכלה גבוהה,50455.0
משרד התיירות,תקציב רגיל,חשבונות מעבר,חשבונות מעבר,ענפי משק,תיירות,0.0
משרד הבינוי והשיכון,תקציב רגיל,שכר,רזרבה,תשתיות,בינוי ושיכון,144917.0
משרד החקלאות,תקציב רגיל,חשבונות מעבר,חשבונות מעבר,ענפי משק,חקלאות,0.0
מפעלי משרד ראש הממשלה,מפעלים עסקיים,הכנסות מיועדות,הכנסות תקציב רגיל,משרדי מטה,אוצר,83446.0
תגמולים לנכים,תקציב רגיל,שכר,רזרבה,שירותים חברתיים,רווחה,112984.0
המשרד לקליטת העליה,תקציב רגיל,קניות,רזרבה,שירותים חברתיים,קליטת עליה,51341.0
משרד הבריאות,תקציב רגיל,קניות,קניות בארץ,שירותים חברתיים,בריאות,269765.0
המשרד לקליטת העליה,תקציב רגיל,העברות  פנים תקציביות,השתתפויות,שירותים חברתיים,קליטת עליה,168965.0
שיכון,תקציב פיתוח,חשבונות מעבר,חשבונות מעבר,תשתיות,בינוי ושיכון,0.0
רשויות מקומיות,תקציב רגיל,הכנסות מיועדות,הכנסות תקציב רגיל,משרדי מטה,פנים ושלטון מקומי,0.0
משרד האוצר,תקציב רגיל,הכנסות מיועדות,הכנסות תקציב רגיל,משרדי מטה,אוצר,36128.0
משרד הרווחה והשירותים,תקציב רגיל,קניות,קניות בארץ,שירותים חברתיים,רווחה,1283384.0
רשות ממשלתית למים,תקציב רגיל,קניות,רזרבה,תשתיות,משק המים,30822.0
מענקי בינוי ושיכון,תקציב רגיל,חשבונות מעבר,חשבונות מעבר,תשתיות,בינוי ושיכון,0.0
משרד ראש הממשלה,תקציב רגיל,העברות,רזרבה,משרדי מטה,ראש הממשלה,71572.0
פיתוח תיירות,תקציב פיתוח,הכנסות מיועדות,הכנסות תקציב פיתוח,ענפי משק,תיירות,334000.0
מפעלי משרד ראש הממשלה,מפעלים עסקיים,חשבונות מעבר,חשבונות מעבר,משרדי מטה,ראש הממשלה,0.0
המשרד לשירותי דת,תקציב רגיל,קניות,קניות בארץ,משרדי מטה,שירותי דת,22678.0
משרד התקשורת,תקציב רגיל,הכנסות מיועדות,הכנסות תקציב רגיל,ענפי משק,תקשורת,1800.0
הוצאות פיתוח אחרות,תקציב פיתוח,הכנסות מיועדות,הכנסות מאשראי,הוצאות אחרות,הוצאות שונות,0.0
הוצאות מינהל מקרקעי,מפעלים עסקיים,השקעה,השקעה בארץ,תשתיות,רשות מקרקעי ישראל,4411451.0
"משרד המדע והחלל, התרבות",תקציב רגיל,העברות  פנים תקציביות,השתתפויות,שירותים חברתיים,"מדע, תרבות וספורט",150783.0
משרד החקלאות,תקציב רגיל,העברות,תמיכות לפי סעיף 3א,ענפי משק,חקלאות,404724.0
רשויות פיקוח,תקציב רגיל,שכר,רזרבה,הוצאות אחרות,הוצאות שונות,716.0
מפעלי מים,תקציב פיתוח,העברות,סובסידיה,תשתיות,משק המים,42808.0
המשרד לשירותי דת,תקציב רגיל,שכר,שכר בארץ,משרדי מטה,שירותי דת,20005.0
משרד הפנים,תקציב רגיל,העברות,מוצרים ציבוריים,משרדי מטה,פנים ושלטון מקומי,71388.0
משרד הבריאות,תקציב רגיל,חשבונות מעבר,חשבונות מעבר,שירותים חברתיים,בריאות,0.0
משרד התיירות,תקציב רגיל,מתן אשראי,סבסוד אשראי,ענפי משק,תיירות,15564.0
מענקי בינוי ושיכון,תקציב רגיל,קניות,קניות בארץ,תשתיות,בינוי ושיכון,199704.0
פיתוח לאומי,מפעלים עסקיים,העברות,לגורמים אחרים,משרדי מטה,ראש הממשלה,0.0
משרד הבריאות,תקציב רגיל,שכר,שכר בארץ,שירותים חברתיים,בריאות,894928.0
המשרד להגנת הסביבה,תקציב רגיל,הכנסות מיועדות,הכנסות תקציב רגיל,ענפי משק,הגנת הסביבה,0.0
תמיכות שונות,תקציב רגיל,קניות,קניות בארץ,תשתיות,תחבורה,0.0
הוצאות חירום אזרחיות,תקציב רגיל,העברות  פנים תקציביות,השתתפויות,בטחון וסדר ציבורי,בטחון-אחר,450383.0
משרד ראש הממשלה,תקציב רגיל,קניות,רזרבה,משרדי מטה,ראש הממשלה,147467.0
מטה לביטחון לאומי,תקציב רגיל,קניות,רזרבה,משרדי מטה,ראש הממשלה,1360.0
השכלה גבוהה,תקציב רגיל,העברות,רזרבה,שירותים חברתיים,השכלה גבוהה,289564.0
משרד הרווחה והשירותים,תקציב רגיל,העברות,תמיכות לפי סעיף 3א,שירותים חברתיים,רווחה,34072.0
משרד האנרגיה והמים,תקציב רגיל,העברות  פנים תקציביות,השתתפויות,תשתיות,אנרגיה,18538.0
משרד התחבורה והבטיחות,תקציב רגיל,קניות,קניות בארץ,תשתיות,תחבורה,69053.0
משרד הכלכלה,תקציב רגיל,העברות,מוצרים ציבוריים,ענפי משק,תעשיה ותעסוקה,367466.0
גמלאות ופיצויים,תקציב רגיל,חשבונות מעבר,חשבונות מעבר,הוצאות אחרות,גמלאות,0.0
משרד התיירות,תקציב רגיל,קניות,קניות בארץ,ענפי משק,תיירות,35402.0
"רשות האוכלוסין, ההגירה",תקציב רגיל,העברות  פנים תקציביות,השתתפויות,משרדי מטה,פנים ושלטון מקומי,294896.0
גמלאות ופיצויים,תקציב רגיל,שכר,שכר בארץ,הוצאות אחרות,גמלאות,911531.0
משרד הכלכלה,תקציב רגיל,העברות,תמיכות לפי סעיף 3א,ענפי משק,תעשיה ותעסוקה,12208.0
משפטים ובתי משפט,תקציב פיתוח,העברות  פנים תקציביות,השתתפויות,משרדי מטה,משפטים,80093.0
משרד הבטחון,תקציב רגיל,שכר,שכר בארץ,בטחון וסדר ציבורי,בטחון,33979.0
משרד התקשורת,תקציב רגיל,קניות,רזרבה,ענפי משק,תקשורת,1906.0
גמלאות ופיצויים,תקציב רגיל,העברות,תשלומי העברה סוציאליים,הוצאות אחרות,גמלאות,3924000.0
תאום הפעולות בשטחים,תקציב רגיל,העברות  פנים תקציביות,השתתפויות,בטחון וסדר ציבורי,בטחון-אחר,86485.0
הוצאות שונות,תקציב רגיל,העברות,רזרבה,הוצאות אחרות,הוצאות שונות,110813.0
משרד הרווחה והשירותים,תקציב רגיל,העברות,מוצרים ציבוריים,שירותים חברתיים,רווחה,594053.0
תגמולים לנכים,תקציב רגיל,קניות,קניות בארץ,שירותים חברתיים,רווחה,44985.0
תמיכות בענפי המשק,תקציב רגיל,העברות,סובסידיה,ענפי משק,תעשיה ותעסוקה,643833.0
משרד האוצר,תקציב רגיל,קניות,רזרבה,משרדי מטה,אוצר,74145.0
משרד הבטחון,תקציב רגיל,חשבונות מעבר,חשבונות מעבר,בטחון וסדר ציבורי,בטחון,0.0
רשויות מקומיות,תקציב רגיל,קניות,רזרבה,משרדי מטה,פנים ושלטון מקומי,131201.0
משרד הבריאות,תקציב פיתוח,השקעה,רזרבה,שירותים חברתיים,בריאות,434743.0
מפעלי משרד ראש הממשלה,מפעלים עסקיים,קניות,"קניות בחו""ל",משרדי מטה,ראש הממשלה,229229.0
בחירות ומימון מפלגות,תקציב רגיל,קניות,רזרבה,משרדי מטה,משרדים נוספים,131805.0
רשות ממשלתית למים,תקציב רגיל,הכנסות מיועדות,הכנסות תקציב רגיל,תשתיות,משק המים,24909.0
חוק חיילים משוחררים,תקציב רגיל,העברות  פנים תקציביות,השתתפויות,בטחון וסדר ציבורי,בטחון-אחר,851999.0
מבקר המדינה,תקציב רגיל,העברות  פנים תקציביות,השתתפויות,משרדי מטה,משרדים נוספים,98514.0
המשרד לקליטת העליה,תקציב רגיל,הכנסות מיועדות,הכנסות תקציב רגיל,שירותים חברתיים,קליטת עליה,62870.0
רשויות פיקוח,תקציב רגיל,קניות,קניות בארץ,הוצאות אחרות,הוצאות שונות,86310.0
משרד המשפטים,תקציב רגיל,חשבונות מעבר,חשבונות מעבר,משרדי מטה,משפטים,0.0
תמיכות שונות,תקציב רגיל,העברות,רזרבה,ענפי משק,חקלאות,0.0
משרד החקלאות,תקציב רגיל,העברות,סובסידיה,ענפי משק,חקלאות,105380.0
משרד החקלאות,תקציב רגיל,שכר,"שכר בחו""ל",ענפי משק,חקלאות,213078.0
משרד המשפטים,תקציב רגיל,שכר,שכר בארץ,משרדי מטה,משפטים,744370.0
חינוך,תקציב פיתוח,השקעה,רזרבה,שירותים חברתיים,חינוך,935935.0
שיכון,תקציב פיתוח,מתן אשראי,אשראי בשקלים,תשתיות,בינוי ושיכון,0.0
משרד החוץ,תקציב רגיל,שכר,רזרבה,משרדי מטה,חוץ,49394.0
הכנסת,תקציב רגיל,קניות,קניות בארץ,משרדי מטה,משרדים נוספים,252230.0
משרד הפנים,תקציב רגיל,קניות,רזרבה,משרדי מטה,פנים ושלטון מקומי,25941.0
מבקר המדינה,תקציב רגיל,שכר,שכר בארץ,משרדי מטה,משרדים נוספים,214897.0
רשויות פיקוח,תקציב רגיל,העברות,רזרבה,הוצאות אחרות,הוצאות שונות,270594.0
מפעלי משרד ראש הממשלה,מפעלים עסקיים,הכנסות מיועדות,הכנסות תקציב רגיל,משרדי מטה,ראש הממשלה,235612.0
המשרד להגנת הסביבה,תקציב רגיל,קניות,קניות בארץ,ענפי משק,הגנת הסביבה,0.0
משרד ראש הממשלה,תקציב רגיל,שכר,רזרבה,משרדי מטה,ראש הממשלה,5296.0
מבקר המדינה,תקציב רגיל,חשבונות מעבר,חשבונות מעבר,משרדי מטה,משרדים נוספים,0.0
משרד המשפטים,תקציב רגיל,העברות  פנים תקציביות,השתתפויות,משרדי מטה,משפטים,254533.0
משרד ראש הממשלה,תקציב רגיל,העברות,מוצרים ציבוריים,משרדי מטה,ראש הממשלה,43205.0
הוצאות שונות,תקציב רגיל,קניות,קניות בארץ,הוצאות אחרות,הוצאות שונות,901646.0
הוצאות פיתוח אחרות,תקציב פיתוח,מתן אשראי,אשראי בשקלים,הוצאות אחרות,הוצאות שונות,522060.0
הוצאות מינהל מקרקעי,מפעלים עסקיים,העברות,סובסידיה,תשתיות,רשות מקרקעי ישראל,1899010.0
משרד הכלכלה,תקציב רגיל,קניות,רזרבה,ענפי משק,תעשיה ותעסוקה,49835.0
תעשיה,תקציב פיתוח,השקעה,רזרבה,ענפי משק,תעשיה ותעסוקה,188961.0
תאום הפעולות בשטחים,תקציב רגיל,חשבונות מעבר,חשבונות מעבר,בטחון וסדר ציבורי,בטחון-אחר,0.0
